model_id,Human1,kegg.module,module_name
HEX1,MAR04394,M00001,"Glycolysis (Embden-Meyerhof pathway), glucose => pyruvate"
HEX1,MAR04394,M00549,"UDP-Glc biosynthesis, Glc => UDP-Glc"
TPI,MAR04391,M00001,"Glycolysis (Embden-Meyerhof pathway), glucose => pyruvate"
TPI,MAR04391,M00002,"Glycolysis, core module involving three-carbon compounds"
TPI,MAR04391,M00003,"Gluconeogenesis, oxaloacetate => fructose-6P"
TPI,MAR04391,M00165,Reductive pentose phosphate cycle (Calvin cycle)
GAPD,MAR04373,M00001,"Glycolysis (Embden-Meyerhof pathway), glucose => pyruvate"
GAPD,MAR04373,M00002,"Glycolysis, core module involving three-carbon compounds"
GAPD,MAR04373,M00003,"Gluconeogenesis, oxaloacetate => fructose-6P"
GAPD,MAR04373,M00165,Reductive pentose phosphate cycle (Calvin cycle)
GAPD,MAR04373,M00308,"Semi-phosphorylative Entner-Doudoroff pathway, gluconate => glycerate-3P"
GAPD,MAR04373,M00552,"D-galactonate degradation, De Ley-Doudoroff pathway, D-galactonate => glycerate-3P"
PGK,MAR04368,M00001,"Glycolysis (Embden-Meyerhof pathway), glucose => pyruvate"
PGK,MAR04368,M00002,"Glycolysis, core module involving three-carbon compounds"
PGK,MAR04368,M00003,"Gluconeogenesis, oxaloacetate => fructose-6P"
PGK,MAR04368,M00165,Reductive pentose phosphate cycle (Calvin cycle)
PGK,MAR04368,M00308,"Semi-phosphorylative Entner-Doudoroff pathway, gluconate => glycerate-3P"
PGK,MAR04368,M00552,"D-galactonate degradation, De Ley-Doudoroff pathway, D-galactonate => glycerate-3P"
PGM,MAR04365,M00001,"Glycolysis (Embden-Meyerhof pathway), glucose => pyruvate"
PGM,MAR04365,M00002,"Glycolysis, core module involving three-carbon compounds"
PGM,MAR04365,M00003,"Gluconeogenesis, oxaloacetate => fructose-6P"
ENO,MAR04363,M00001,"Glycolysis (Embden-Meyerhof pathway), glucose => pyruvate"
ENO,MAR04363,M00002,"Glycolysis, core module involving three-carbon compounds"
ENO,MAR04363,M00003,"Gluconeogenesis, oxaloacetate => fructose-6P"
ENO,MAR04363,M00346,"Formaldehyde assimilation, serine pathway"
PYK,MAR04358,M00001,"Glycolysis (Embden-Meyerhof pathway), glucose => pyruvate"
PYK,MAR04358,M00002,"Glycolysis, core module involving three-carbon compounds"
PEPCK,MAR04101,M00003,"Gluconeogenesis, oxaloacetate => fructose-6P"
G6PDH2r,MAR08653,M00004,Pentose phosphate pathway (Pentose phosphate cycle)
G6PDH2r,MAR08653,M00006,"Pentose phosphate pathway, oxidative phase, glucose 6P => ribulose 5P"
G6PDH2r,MAR08653,M00008,"Entner-Doudoroff pathway, glucose-6P => glyceraldehyde-3P + pyruvate"
PGL,MAR04623,M00004,Pentose phosphate pathway (Pentose phosphate cycle)
PGL,MAR04623,M00006,"Pentose phosphate pathway, oxidative phase, glucose 6P => ribulose 5P"
PGL,MAR04623,M00008,"Entner-Doudoroff pathway, glucose-6P => glyceraldehyde-3P + pyruvate"
GND,MAR04473,M00004,Pentose phosphate pathway (Pentose phosphate cycle)
GND,MAR04473,M00006,"Pentose phosphate pathway, oxidative phase, glucose 6P => ribulose 5P"
RPI,MAR04351,M00004,Pentose phosphate pathway (Pentose phosphate cycle)
RPI,MAR04351,M00007,"Pentose phosphate pathway, non-oxidative phase, fructose 6P => ribose 5P"
RPI,MAR04351,M00165,Reductive pentose phosphate cycle (Calvin cycle)
RPI,MAR04351,M00580,"Pentose phosphate pathway, archaea, fructose 6P => ribose 5P"
RPE,MAR04477,M00004,Pentose phosphate pathway (Pentose phosphate cycle)
RPE,MAR04477,M00007,"Pentose phosphate pathway, non-oxidative phase, fructose 6P => ribose 5P"
RPE,MAR04477,M00165,Reductive pentose phosphate cycle (Calvin cycle)
TKT1,MAR04501,M00004,Pentose phosphate pathway (Pentose phosphate cycle)
TKT1,MAR04501,M00007,"Pentose phosphate pathway, non-oxidative phase, fructose 6P => ribose 5P"
TKT1,MAR04501,M00165,Reductive pentose phosphate cycle (Calvin cycle)
CSm,MAR04145,M00009,"Citrate cycle (TCA cycle, Krebs cycle)"
CSm,MAR04145,M00010,"Citrate cycle, first carbon oxidation, oxaloacetate => 2-oxoglutarate"
CSm,MAR04145,M00012,Glyoxylate cycle
CSm,MAR04145,M00740,Methylaspartate cycle
ICDHxm,MAR03957,M00009,"Citrate cycle (TCA cycle, Krebs cycle)"
ICDHxm,MAR03957,M00010,"Citrate cycle, first carbon oxidation, oxaloacetate => 2-oxoglutarate"
SUCOAS1m,MAR04147,M00009,"Citrate cycle (TCA cycle, Krebs cycle)"
SUCOAS1m,MAR04147,M00011,"Citrate cycle, second carbon oxidation, 2-oxoglutarate => oxaloacetate"
SUCOASm,MAR04152,M00009,"Citrate cycle (TCA cycle, Krebs cycle)"
SUCOASm,MAR04152,M00011,"Citrate cycle, second carbon oxidation, 2-oxoglutarate => oxaloacetate"
SUCOASm,MAR04152,M00173,Reductive citrate cycle (Arnon-Buchanan cycle)
SUCOASm,MAR04152,M00374,Dicarboxylate-hydroxybutyrate cycle
SUCOASm,MAR04152,M00620,"Incomplete reductive citrate cycle, acetyl-CoA => oxoglutarate"
FUMm,MAR04408,M00009,"Citrate cycle (TCA cycle, Krebs cycle)"
FUMm,MAR04408,M00011,"Citrate cycle, second carbon oxidation, 2-oxoglutarate => oxaloacetate"
FUMm,MAR04408,M00173,Reductive citrate cycle (Arnon-Buchanan cycle)
FUMm,MAR04408,M00374,Dicarboxylate-hydroxybutyrate cycle
FUMm,MAR04408,M00376,3-Hydroxypropionate bi-cycle
FUMm,MAR04408,M00620,"Incomplete reductive citrate cycle, acetyl-CoA => oxoglutarate"
FUMm,MAR04408,M00982,Methylcitrate cycle
MDHm,MAR04139,M00009,"Citrate cycle (TCA cycle, Krebs cycle)"
MDHm,MAR04139,M00011,"Citrate cycle, second carbon oxidation, 2-oxoglutarate => oxaloacetate"
MDHm,MAR04139,M00012,Glyoxylate cycle
MDHm,MAR04139,M00168,"CAM (Crassulacean acid metabolism), dark"
MDHm,MAR04139,M00171,"C4-dicarboxylic acid cycle, NAD - malic enzyme type"
MDHm,MAR04139,M00173,Reductive citrate cycle (Arnon-Buchanan cycle)
MDHm,MAR04139,M00346,"Formaldehyde assimilation, serine pathway"
MDHm,MAR04139,M00374,Dicarboxylate-hydroxybutyrate cycle
MDHm,MAR04139,M00620,"Incomplete reductive citrate cycle, acetyl-CoA => oxoglutarate"
MDHm,MAR04139,M00740,Methylaspartate cycle
MDHm,MAR04139,M00982,Methylcitrate cycle
CIII_MitoCore,MAR06918,M00152,Cytochrome bc1 complex
CIV_MitoCore,MAR06914,M00154,Cytochrome c oxidase
CIV_MitoCore,MAR06914,M00155,"Cytochrome c oxidase, prokaryotes"
CIV_MitoCore,MAR06914,M00156,"Cytochrome c oxidase, cbb3-type"
CV_MitoCore,MAR06916,M00157,"F-type ATPase, prokaryotes and chloroplasts"
CV_MitoCore,MAR06916,M00158,"F-type ATPase, eukaryotes"
CV_MitoCore,MAR06916,M00159,"V/A-type ATPase, prokaryotes"
CV_MitoCore,MAR06916,M00160,"V-type ATPase, eukaryotes"
PEPCKm,MAR04101,M00003,"Gluconeogenesis, oxaloacetate => fructose-6P"
PCm,MAR04143,M00173,Reductive citrate cycle (Arnon-Buchanan cycle)
PCm,MAR04143,M00620,"Incomplete reductive citrate cycle, acetyl-CoA => oxoglutarate"
ME2m,MAR04089,M00169,"CAM (Crassulacean acid metabolism), light"
ME2m,MAR04089,M00172,"C4-dicarboxylic acid cycle, NADP - malic enzyme type"
ME1m,MAR04087,M00171,"C4-dicarboxylic acid cycle, NAD - malic enzyme type"
r0081,MAR03899,M00171,"C4-dicarboxylic acid cycle, NAD - malic enzyme type"
ACITLm_MitoCore,MAR04149,M00173,Reductive citrate cycle (Arnon-Buchanan cycle)
NDPK1m,MAR04016,M00050,"Guanine ribonucleotide biosynthesis, IMP => GDP,GTP"
ADK1m,MAR04002,M00049,"Adenine ribonucleotide biosynthesis, IMP => ADP,ATP"
ME2,MAR04089,M00169,"CAM (Crassulacean acid metabolism), light"
ME2,MAR04089,M00172,"C4-dicarboxylic acid cycle, NADP - malic enzyme type"
ALATA_L,MAR03899,M00171,"C4-dicarboxylic acid cycle, NAD - malic enzyme type"
NDPK1,MAR04016,M00050,"Guanine ribonucleotide biosynthesis, IMP => GDP,GTP"
FUM,MAR04408,M00009,"Citrate cycle (TCA cycle, Krebs cycle)"
FUM,MAR04408,M00011,"Citrate cycle, second carbon oxidation, 2-oxoglutarate => oxaloacetate"
FUM,MAR04408,M00173,Reductive citrate cycle (Arnon-Buchanan cycle)
FUM,MAR04408,M00374,Dicarboxylate-hydroxybutyrate cycle
FUM,MAR04408,M00376,3-Hydroxypropionate bi-cycle
FUM,MAR04408,M00620,"Incomplete reductive citrate cycle, acetyl-CoA => oxoglutarate"
FUM,MAR04408,M00982,Methylcitrate cycle
ADK1,MAR04002,M00049,"Adenine ribonucleotide biosynthesis, IMP => ADP,ATP"
ACONT,MAR04454,M00009,"Citrate cycle (TCA cycle, Krebs cycle)"
ACONT,MAR04454,M00010,"Citrate cycle, first carbon oxidation, oxaloacetate => 2-oxoglutarate"
ACITL,MAR04149,M00173,Reductive citrate cycle (Arnon-Buchanan cycle)
ASPTA,MAR03827,M00170,"C4-dicarboxylic acid cycle, phosphoenolpyruvate carboxykinase type"
ASPTA,MAR03827,M00171,"C4-dicarboxylic acid cycle, NAD - malic enzyme type"
MDH,MAR04139,M00009,"Citrate cycle (TCA cycle, Krebs cycle)"
MDH,MAR04139,M00011,"Citrate cycle, second carbon oxidation, 2-oxoglutarate => oxaloacetate"
MDH,MAR04139,M00012,Glyoxylate cycle
MDH,MAR04139,M00168,"CAM (Crassulacean acid metabolism), dark"
MDH,MAR04139,M00171,"C4-dicarboxylic acid cycle, NAD - malic enzyme type"
MDH,MAR04139,M00173,Reductive citrate cycle (Arnon-Buchanan cycle)
MDH,MAR04139,M00346,"Formaldehyde assimilation, serine pathway"
MDH,MAR04139,M00374,Dicarboxylate-hydroxybutyrate cycle
MDH,MAR04139,M00620,"Incomplete reductive citrate cycle, acetyl-CoA => oxoglutarate"
MDH,MAR04139,M00740,Methylaspartate cycle
MDH,MAR04139,M00982,Methylcitrate cycle
ASPTAm,MAR03827,M00170,"C4-dicarboxylic acid cycle, phosphoenolpyruvate carboxykinase type"
ASPTAm,MAR03827,M00171,"C4-dicarboxylic acid cycle, NAD - malic enzyme type"
FACOAL160i,MAR00217,M00086,"beta-Oxidation, acyl-CoA synthesis"
ACADLC16_MitoCore,MAR03121,M00087,beta-Oxidation
ACADLC14_MitoCore,MAR03128,M00087,beta-Oxidation
r1447,MAR03135,M00087,beta-Oxidation
r0660,MAR03087,M00085,Fatty acid elongation in mitochondria
r0660,MAR03087,M00087,beta-Oxidation
r0722,MAR03088,M00085,Fatty acid elongation in mitochondria
r0722,MAR03088,M00087,beta-Oxidation
r0724,MAR03089,M00085,Fatty acid elongation in mitochondria
r0724,MAR03089,M00087,beta-Oxidation
r1451,MAR03142,M00087,beta-Oxidation
r0728,MAR03091,M00085,Fatty acid elongation in mitochondria
r0728,MAR03091,M00087,beta-Oxidation
r0726,MAR03092,M00085,Fatty acid elongation in mitochondria
r0726,MAR03092,M00087,beta-Oxidation
r0634,MAR03093,M00085,Fatty acid elongation in mitochondria
r0634,MAR03093,M00087,beta-Oxidation
r1448,MAR03149,M00087,beta-Oxidation
r0633,MAR02148,M00085,Fatty acid elongation in mitochondria
r0731,MAR03095,M00085,Fatty acid elongation in mitochondria
r0731,MAR03095,M00087,beta-Oxidation
r0730,MAR03096,M00085,Fatty acid elongation in mitochondria
r0730,MAR03096,M00087,beta-Oxidation
r0732,MAR03097,M00085,Fatty acid elongation in mitochondria
r0732,MAR03097,M00087,beta-Oxidation
r1450,MAR03156,M00087,beta-Oxidation
r0734,MAR03099,M00085,Fatty acid elongation in mitochondria
r0734,MAR03099,M00087,beta-Oxidation
r0733,MAR03100,M00085,Fatty acid elongation in mitochondria
r0733,MAR03100,M00087,beta-Oxidation
r0287,MAR03101,M00085,Fatty acid elongation in mitochondria
r0287,MAR03101,M00087,beta-Oxidation
r1446,MAR03163,M00087,beta-Oxidation
ECOAH1m,MAR03164,M00032,"Lysine degradation, lysine => saccharopine => acetoacetyl-CoA"
ECOAH1m,MAR03164,M00087,beta-Oxidation
ECOAH1m,MAR03164,M00374,Dicarboxylate-hydroxybutyrate cycle
ECOAH1m,MAR03164,M00375,Hydroxypropionate-hydroxybutylate cycle
ECOAH1m,MAR03164,M00957,"Lysine degradation, bacteria, L-lysine => glutarate => succinate/acetyl-CoA"
HACD1m,MAR03166,M00032,"Lysine degradation, lysine => saccharopine => acetoacetyl-CoA"
HACD1m,MAR03166,M00087,beta-Oxidation
HACD1m,MAR03166,M00374,Dicarboxylate-hydroxybutyrate cycle
HACD1m,MAR03166,M00375,Hydroxypropionate-hydroxybutylate cycle
HACD1m,MAR03166,M00957,"Lysine degradation, bacteria, L-lysine => glutarate => succinate/acetyl-CoA"
ACACT1rm,MAR01434,M00087,beta-Oxidation
ACACT1rm,MAR01434,M00088,"Ketone body biosynthesis, acetyl-CoA => acetoacetate/3-hydroxybutyrate/acetone"
ACACT1rm,MAR01434,M00095,"C5 isoprenoid biosynthesis, mevalonate pathway"
ACACT1rm,MAR01434,M00373,Ethylmalonyl pathway
ACACT1rm,MAR01434,M00374,Dicarboxylate-hydroxybutyrate cycle
ACACT1rm,MAR01434,M00375,Hydroxypropionate-hydroxybutylate cycle
ACACT1rm,MAR01434,M00849,"C5 isoprenoid biosynthesis, mevalonate pathway, archaea"
ACACT1rm,MAR01434,M00957,"Lysine degradation, bacteria, L-lysine => glutarate => succinate/acetyl-CoA"
ACCOAC,MAR04295,M00082,"Fatty acid biosynthesis, initiation"
ACCOAC,MAR04295,M00375,Hydroxypropionate-hydroxybutylate cycle
ACCOAC,MAR04295,M00376,3-Hydroxypropionate bi-cycle
ACCOAC,MAR04295,M00885,"Meromycolic acid biosynthesis, initiation and elongation FAS II (KasA)"
ACCOAC,MAR04295,M00886,"Meromycolic acid biosynthesis, initiation and elongation FAS II (KasA and KasB)"
MCOATA,MAR02151,M00082,"Fatty acid biosynthesis, initiation"
MCOATA,MAR02151,M00885,"Meromycolic acid biosynthesis, initiation and elongation FAS II (KasA)"
MCOATA,MAR02151,M00886,"Meromycolic acid biosynthesis, initiation and elongation FAS II (KasA and KasB)"
ACOATA,MAR02150,M00082,"Fatty acid biosynthesis, initiation"
r0678,MAR02152,M00082,"Fatty acid biosynthesis, initiation"
r0678,MAR02152,M00083,"Fatty acid biosynthesis, elongation"
r0691,MAR02153,M00083,"Fatty acid biosynthesis, elongation"
r0681,MAR02154,M00083,"Fatty acid biosynthesis, elongation"
r0682,MAR02155,M00083,"Fatty acid biosynthesis, elongation"
r0760,MAR02156,M00083,"Fatty acid biosynthesis, elongation"
r0761,MAR02157,M00083,"Fatty acid biosynthesis, elongation"
r0762,MAR02158,M00083,"Fatty acid biosynthesis, elongation"
r0763,MAR02159,M00083,"Fatty acid biosynthesis, elongation"
r0764,MAR02160,M00083,"Fatty acid biosynthesis, elongation"
r0694,MAR02161,M00083,"Fatty acid biosynthesis, elongation"
r0695,MAR02162,M00083,"Fatty acid biosynthesis, elongation"
r0765,MAR02163,M00083,"Fatty acid biosynthesis, elongation"
r0766,MAR02164,M00083,"Fatty acid biosynthesis, elongation"
r0692,MAR02165,M00083,"Fatty acid biosynthesis, elongation"
r0693,MAR02166,M00083,"Fatty acid biosynthesis, elongation"
r0767,MAR02167,M00083,"Fatty acid biosynthesis, elongation"
r0768,MAR02168,M00083,"Fatty acid biosynthesis, elongation"
r0769,MAR02169,M00083,"Fatty acid biosynthesis, elongation"
r0770,MAR02170,M00083,"Fatty acid biosynthesis, elongation"
r0712,MAR02171,M00083,"Fatty acid biosynthesis, elongation"
r0713,MAR02173,M00083,"Fatty acid biosynthesis, elongation"
r0701,MAR02174,M00083,"Fatty acid biosynthesis, elongation"
r0702,MAR02175,M00083,"Fatty acid biosynthesis, elongation"
r0771,MAR02176,M00083,"Fatty acid biosynthesis, elongation"
r0772,MAR02178,M00083,"Fatty acid biosynthesis, elongation"
r0696,MAR02179,M00083,"Fatty acid biosynthesis, elongation"
r0697,MAR02180,M00083,"Fatty acid biosynthesis, elongation"
r0773,MAR02181,M00083,"Fatty acid biosynthesis, elongation"
BDHm,MAR04461,M00088,"Ketone body biosynthesis, acetyl-CoA => acetoacetate/3-hydroxybutyrate/acetone"
HMGCOASim,MAR04604,M00088,"Ketone body biosynthesis, acetyl-CoA => acetoacetate/3-hydroxybutyrate/acetone"
HMGCOASim,MAR04604,M00095,"C5 isoprenoid biosynthesis, mevalonate pathway"
HMGCOASim,MAR04604,M00849,"C5 isoprenoid biosynthesis, mevalonate pathway, archaea"
HMGLm,MAR01577,M00036,"Leucine degradation, leucine => acetoacetate + acetyl-CoA"
HMGLm,MAR01577,M00088,"Ketone body biosynthesis, acetyl-CoA => acetoacetate/3-hydroxybutyrate/acetone"
LEUTAm,MAR03777,M00036,"Leucine degradation, leucine => acetoacetate + acetyl-CoA"
OIVD1m,MAR06421,M00036,"Leucine degradation, leucine => acetoacetate + acetyl-CoA"
r0655,MAR03770,M00036,"Leucine degradation, leucine => acetoacetate + acetyl-CoA"
MCCCrm,MAR03773,M00036,"Leucine degradation, leucine => acetoacetate + acetyl-CoA"
MGCHrm,MAR03775,M00036,"Leucine degradation, leucine => acetoacetate + acetyl-CoA"
ILETAm,MAR03778,M00019,"Valine/isoleucine biosynthesis, pyruvate => valine / 2-oxobutanoate => isoleucine"
ILETAm,MAR03778,M00570,"Isoleucine biosynthesis, threonine => 2-oxobutanoate => isoleucine"
VALTAm,MAR03747,M00019,"Valine/isoleucine biosynthesis, pyruvate => valine / 2-oxobutanoate => isoleucine"
VALTAm,MAR03747,M00119,"Pantothenate biosynthesis, valine/L-aspartate => pantothenate"
PPCOACm,MAR03208,M00373,Ethylmalonyl pathway
PPCOACm,MAR03208,M00375,Hydroxypropionate-hydroxybutylate cycle
PPCOACm,MAR03208,M00376,3-Hydroxypropionate bi-cycle
PPCOACm,MAR03208,M00741,"Propanoyl-CoA metabolism, propanoyl-CoA => succinyl-CoA"
MMEm,MAR03213,M00373,Ethylmalonyl pathway
MMEm,MAR03213,M00375,Hydroxypropionate-hydroxybutylate cycle
MMEm,MAR03213,M00376,3-Hydroxypropionate bi-cycle
MMEm,MAR03213,M00741,"Propanoyl-CoA metabolism, propanoyl-CoA => succinyl-CoA"
MMMm,MAR03215,M00373,Ethylmalonyl pathway
MMMm,MAR03215,M00375,Hydroxypropionate-hydroxybutylate cycle
MMMm,MAR03215,M00376,3-Hydroxypropionate bi-cycle
MMMm,MAR03215,M00741,"Propanoyl-CoA metabolism, propanoyl-CoA => succinyl-CoA"
THRD_L,MAR04348,M00570,"Isoleucine biosynthesis, threonine => 2-oxobutanoate => isoleucine"
METAT,MAR03875,M00034,Methionine salvage pathway
METAT,MAR03875,M00035,Methionine degradation
METAT,MAR03875,M00368,"Ethylene biosynthesis, methionine => ethylene"
METAT,MAR03875,M00609,"Cysteine biosynthesis, methionine => cysteine"
METAT,MAR03875,M00953,"Mugineic acid biosynthesis, methionine => 3-epihydroxymugineic acid"
AHC,MAR03877,M00035,Methionine degradation
CYSTS,MAR03879,M00035,Methionine degradation
CYSTS,MAR03879,M00338,"Cysteine biosynthesis, homocysteine + serine => cysteine"
CYSTGL,MAR03881,M00338,"Cysteine biosynthesis, homocysteine + serine => cysteine"
CYSTGL,MAR03881,M00609,"Cysteine biosynthesis, methionine => cysteine"
MCLOR,MAR06519,M00038,"Tryptophan metabolism, tryptophan => kynurenine => 2-aminomuconate"
MCLOR,MAR06519,M00912,"NAD biosynthesis, tryptophan => quinolinate => NAD"
r0193,MAR04302,M00038,"Tryptophan metabolism, tryptophan => kynurenine => 2-aminomuconate"
r0193,MAR04302,M00912,"NAD biosynthesis, tryptophan => quinolinate => NAD"
TRPO2,MAR04214,M00038,"Tryptophan metabolism, tryptophan => kynurenine => 2-aminomuconate"
TRPO2,MAR04214,M00912,"NAD biosynthesis, tryptophan => quinolinate => NAD"
FKYNH,MAR04216,M00038,"Tryptophan metabolism, tryptophan => kynurenine => 2-aminomuconate"
FKYNH,MAR04216,M00912,"NAD biosynthesis, tryptophan => quinolinate => NAD"
KYN3OX,MAR04220,M00038,"Tryptophan metabolism, tryptophan => kynurenine => 2-aminomuconate"
KYN3OX,MAR04220,M00912,"NAD biosynthesis, tryptophan => quinolinate => NAD"
HKYNH,MAR04225,M00038,"Tryptophan metabolism, tryptophan => kynurenine => 2-aminomuconate"
3HAO,MAR04228,M00038,"Tryptophan metabolism, tryptophan => kynurenine => 2-aminomuconate"
AMCOXO,MAR04235,M00032,"Lysine degradation, lysine => saccharopine => acetoacetyl-CoA"
2OXOADOXm,MAR04599,M00032,"Lysine degradation, lysine => saccharopine => acetoacetyl-CoA"
r0541,MAR04243,M00032,"Lysine degradation, lysine => saccharopine => acetoacetyl-CoA"
SACCD3m,MAR04288,M00032,"Lysine degradation, lysine => saccharopine => acetoacetyl-CoA"
r0525,MAR04667,M00032,"Lysine degradation, lysine => saccharopine => acetoacetyl-CoA"
AASAD3m,MAR04737,M00030,"Lysine biosynthesis, AAA pathway, 2-oxoglutarate => 2-aminoadipate => lysine"
AASAD3m,MAR04737,M00032,"Lysine degradation, lysine => saccharopine => acetoacetyl-CoA"
AASAD3m,MAR04737,M00960,"Lysine degradation, bacteria, L-lysine => D-lysine => succinate"
r0450,MAR04596,M00960,"Lysine degradation, bacteria, L-lysine => D-lysine => succinate"
PPD2CSPc_MitoCore,MAR08018,M00960,"Lysine degradation, bacteria, L-lysine => D-lysine => succinate"
LPCOXc_MitoCore,MAR08021,M00032,"Lysine degradation, lysine => saccharopine => acetoacetyl-CoA"
RE1254C,MAR04740,M00970,"Proline degradation, proline => glutamate"
RE1254C,MAR04740,M00972,Proline metabolism
r0594,MAR04737,M00015,"Proline biosynthesis, glutamate => proline"
r0594,MAR04737,M00970,"Proline degradation, proline => glutamate"
r0594,MAR04737,M00972,Proline metabolism
PROD2mB_MitoCore,MAR08611,M00970,"Proline degradation, proline => glutamate"
G5SADrm,MAR03819,M00015,"Proline biosynthesis, glutamate => proline"
r0074,MAR03806,M00015,"Proline biosynthesis, glutamate => proline"
GLU5Km,MAR03895,M00015,"Proline biosynthesis, glutamate => proline"
GLU5Km,MAR03895,M00972,Proline metabolism
G5SDym,MAR03897,M00972,Proline metabolism
P5CRm,MAR03833,M00972,Proline metabolism
P5CRxm,MAR03835,M00134,"Polyamine biosynthesis, arginine => ornithine => putrescine"
r0464c_MitoCore,MAR04605,M00133,"Polyamine biosynthesis, arginine => agmatine => putrescine => spermidine"
ABUTD,MAR04688,M00133,"Polyamine biosynthesis, arginine => agmatine => putrescine => spermidine"
ARGDCm,MAR04191,M00135,"GABA biosynthesis, eukaryotes, putrescine => GABA"
AGMTm,MAR04424,M00135,"GABA biosynthesis, eukaryotes, putrescine => GABA"
PTRCAT1m_MitoCore,MAR08603,M00135,"GABA biosynthesis, eukaryotes, putrescine => GABA"
APRTO2m_MitoCore,MAR08604,M00135,"GABA biosynthesis, eukaryotes, putrescine => GABA"
NABTNOm,MAR08605,M00027,GABA (gamma-Aminobutyrate) shunt
GLUDC,MAR04690,M00027,GABA (gamma-Aminobutyrate) shunt
r0178,MAR04285,M00740,Methylaspartate cycle
GLUDym,MAR03804,M00740,Methylaspartate cycle
GLUDxi,MAR03802,M00978,Ornithine-ammonia cycle
GLUNm,MAR03892,M00020,"Serine biosynthesis, glycerate-3P => serine"
GLUN_MitoCore,MAR03892,M00020,"Serine biosynthesis, glycerate-3P => serine"
PGCD,MAR03839,M00020,"Serine biosynthesis, glycerate-3P => serine"
PSERT,MAR03841,M00140,"C1-unit interconversion, prokaryotes"
PSERT,MAR03841,M00141,"C1-unit interconversion, eukaryotes"
PSERT,MAR03841,M00346,"Formaldehyde assimilation, serine pathway"
PSERT,MAR03841,M00532,Photorespiration
PSERT,MAR03841,M00975,"Betaine degradation, bacteria, betaine => pyruvate"
GHMT2r,MAR03845,M00126,"Tetrahydrofolate biosynthesis, GTP => THF"
GHMT2r,MAR03845,M00840,"Tetrahydrofolate biosynthesis, mediated by ribA and trpF, GTP => THF"
GHMT2r,MAR03845,M00841,"Tetrahydrofolate biosynthesis, mediated by PTPS, GTP => THF"
FOLR2,MAR04655,M00140,"C1-unit interconversion, prokaryotes"
FOLR2,MAR04655,M00141,"C1-unit interconversion, eukaryotes"
FOLR2,MAR04655,M00377,Reductive acetyl-CoA pathway (Wood-Ljungdahl pathway)
DHFR,MAR04333,M00140,"C1-unit interconversion, prokaryotes"
DHFR,MAR04333,M00141,"C1-unit interconversion, eukaryotes"
DHFR,MAR04333,M00377,Reductive acetyl-CoA pathway (Wood-Ljungdahl pathway)
MTHFC,MAR04503,M00140,"C1-unit interconversion, prokaryotes"
MTHFC,MAR04503,M00141,"C1-unit interconversion, eukaryotes"
MTHFC,MAR04503,M00377,Reductive acetyl-CoA pathway (Wood-Ljungdahl pathway)
FTHFL,MAR04338,M00975,"Betaine degradation, bacteria, betaine => pyruvate"
FTHFDH,MAR04336,M00140,"C1-unit interconversion, prokaryotes"
FTHFDH,MAR04336,M00141,"C1-unit interconversion, eukaryotes"
FTHFDH,MAR04336,M00346,"Formaldehyde assimilation, serine pathway"
FTHFDH,MAR04336,M00532,Photorespiration
FTHFDH,MAR04336,M00975,"Betaine degradation, bacteria, betaine => pyruvate"
r0060,MAR03883,M00621,Glycine cleavage system
GHMT2rm,MAR03845,M00621,Glycine cleavage system
GCCam,MAR08434,M00621,Glycine cleavage system
r0514,MAR04655,M00140,"C1-unit interconversion, prokaryotes"
r0514,MAR04655,M00141,"C1-unit interconversion, eukaryotes"
r0514,MAR04655,M00377,Reductive acetyl-CoA pathway (Wood-Ljungdahl pathway)
r0226,MAR04333,M00141,"C1-unit interconversion, eukaryotes"
MTHFDm,MAR04442,M00140,"C1-unit interconversion, prokaryotes"
MTHFDm,MAR04442,M00141,"C1-unit interconversion, eukaryotes"
MTHFDm,MAR04442,M00377,Reductive acetyl-CoA pathway (Wood-Ljungdahl pathway)
MTHFD2m,MAR04440,M00140,"C1-unit interconversion, prokaryotes"
MTHFD2m,MAR04440,M00141,"C1-unit interconversion, eukaryotes"
MTHFD2m,MAR04440,M00377,Reductive acetyl-CoA pathway (Wood-Ljungdahl pathway)
GLYOXm,MAR03857,M00029,Urea cycle
LDH_Dm_MitoCore,MAR08512,M00029,Urea cycle
LDH_Dm_MitoCore,MAR08512,M00844,"Arginine biosynthesis, ornithine => arginine"
LDH_Dm_MitoCore,MAR08512,M00978,Ornithine-ammonia cycle
r0129,MAR04175,M00118,"Glutathione biosynthesis, glutamate => glutathione"
AMPTASECG,MAR04328,M00118,"Glutathione biosynthesis, glutamate => glutathione"
DHPR,MAR03925,M00044,"Tyrosine degradation, tyrosine => homogentisate"
TYRTA,MAR06768,M00044,"Tyrosine degradation, tyrosine => homogentisate"
TYRTB_MitoCore,MAR06770,M00044,"Tyrosine degradation, tyrosine => homogentisate"
34HPPOR,MAR06772,M00044,"Tyrosine degradation, tyrosine => homogentisate"
HGNTOR,MAR06774,M00044,"Tyrosine degradation, tyrosine => homogentisate"
ASNS1,MAR03903,M00045,"Histidine degradation, histidine => N-formiminoglutamate => glutamate"
r0127,MAR03862,M00045,"Histidine degradation, histidine => N-formiminoglutamate => glutamate"
HISD,MAR04437,M00045,"Histidine degradation, histidine => N-formiminoglutamate => glutamate"
URCN,MAR04712,M00045,"Histidine degradation, histidine => N-formiminoglutamate => glutamate"
GluForTx,MAR04658,M00013,"Malonate semialdehyde pathway, propanoyl-CoA => acetyl-CoA"
GluForTx,MAR04658,M00991,"Dimethylsulfoniopropionate (DMSP) degradation, cleavage pathway, DMSP => acetyl-CoA"
GluForTx,MAR04658,M00992,"Dimethylsulfoniopropionate (DMSP) degradation, cleavage pathway, DMSP => acrylate => acetyl-CoA"
APAT2rm,MAR04330,M00013,"Malonate semialdehyde pathway, propanoyl-CoA => acetyl-CoA"
APAT2rm,MAR04330,M00991,"Dimethylsulfoniopropionate (DMSP) degradation, cleavage pathway, DMSP => acetyl-CoA"
APAT2rm,MAR04330,M00992,"Dimethylsulfoniopropionate (DMSP) degradation, cleavage pathway, DMSP => acrylate => acetyl-CoA"
MMSAD3m,MAR04282,M00119,"Pantothenate biosynthesis, valine/L-aspartate => pantothenate"
ASP1DC,MAR04174,M00047,Creatine pathway
ALDD2xm,MAR01568,M00357,"Methanogenesis, acetate => methane"
ALDD2x,MAR01568,M00357,"Methanogenesis, acetate => methane"
ACSm,MAR04099,M00049,"Adenine ribonucleotide biosynthesis, IMP => ADP,ATP"
ACS,MAR04097,M00049,"Adenine ribonucleotide biosynthesis, IMP => ADP,ATP"
ADSL1,MAR04412,M00958,"Adenine ribonucleotide degradation, AMP => Urate"
ADSS,MAR04042,M00029,Urea cycle
ADSS,MAR04042,M00134,"Polyamine biosynthesis, arginine => ornithine => putrescine"
AMPD1,MAR04080,M00029,Urea cycle
AMPD1,MAR04080,M00844,"Arginine biosynthesis, ornithine => arginine"
AMPD1,MAR04080,M00845,"Arginine biosynthesis, glutamate => acetylcitrulline => arginine"
AMPD1,MAR04080,M00978,Ornithine-ammonia cycle
ARGN,MAR03816,M00029,Urea cycle
ARGN,MAR03816,M00844,"Arginine biosynthesis, ornithine => arginine"
ARGN,MAR03816,M00845,"Arginine biosynthesis, glutamate => acetylcitrulline => arginine"
ARGN,MAR03816,M00978,Ornithine-ammonia cycle
ARGSL,MAR03813,M00029,Urea cycle
ARGSL,MAR03813,M00134,"Polyamine biosynthesis, arginine => ornithine => putrescine"
ARGSS,MAR03811,M00868,"Heme biosynthesis, animals and fungi, glycine => heme"
ARGNm,MAR03816,M00121,"Heme biosynthesis, plants and bacteria, glutamate => heme"
ARGNm,MAR03816,M00846,"Siroheme biosynthesis, glutamyl-tRNA => siroheme"
ARGNm,MAR03816,M00868,"Heme biosynthesis, animals and fungi, glycine => heme"
ARGNm,MAR03816,M00926,"Heme biosynthesis, bacteria, glutamyl-tRNA => coproporphyrin III => heme"
ALASm,MAR04742,M00121,"Heme biosynthesis, plants and bacteria, glutamate => heme"
ALASm,MAR04742,M00846,"Siroheme biosynthesis, glutamyl-tRNA => siroheme"
ALASm,MAR04742,M00868,"Heme biosynthesis, animals and fungi, glycine => heme"
ALASm,MAR04742,M00926,"Heme biosynthesis, bacteria, glutamyl-tRNA => coproporphyrin III => heme"
PPBNGS,MAR04744,M00121,"Heme biosynthesis, plants and bacteria, glutamate => heme"
PPBNGS,MAR04744,M00846,"Siroheme biosynthesis, glutamyl-tRNA => siroheme"
PPBNGS,MAR04744,M00868,"Heme biosynthesis, animals and fungi, glycine => heme"
PPBNGS,MAR04744,M00926,"Heme biosynthesis, bacteria, glutamyl-tRNA => coproporphyrin III => heme"
HMBS,MAR04746,M00121,"Heme biosynthesis, plants and bacteria, glutamate => heme"
HMBS,MAR04746,M00868,"Heme biosynthesis, animals and fungi, glycine => heme"
HMBS,MAR04746,M00926,"Heme biosynthesis, bacteria, glutamyl-tRNA => coproporphyrin III => heme"
UPP3S,MAR04748,M00121,"Heme biosynthesis, plants and bacteria, glutamate => heme"
UPP3S,MAR04748,M00868,"Heme biosynthesis, animals and fungi, glycine => heme"
UPPDC1,MAR04750,M00121,"Heme biosynthesis, plants and bacteria, glutamate => heme"
UPPDC1,MAR04750,M00868,"Heme biosynthesis, animals and fungi, glycine => heme"
CPPPGO,MAR04752,M00121,"Heme biosynthesis, plants and bacteria, glutamate => heme"
CPPPGO,MAR04752,M00868,"Heme biosynthesis, animals and fungi, glycine => heme"
PCHOLPm_hs,MAR00629,M00089,Triacylglycerol biosynthesis
GLYK,MAR00448,M00089,Triacylglycerol biosynthesis
GPAMm_hsB_MitoCore,MAR00579,M00093,"Phosphatidylethanolamine (PE) biosynthesis, PA => PS => PE"
